{
  "tile_size" : 96,
  "." : "",
  "-1" : "",
  "0" : "data/graphics/level/need_to_rename/0.png",
  "1" : "data/graphics/level/need_to_rename/1.png",
  "2" : "data/graphics/level/need_to_rename/2.png",
  "6" : "data/graphics/level/need_to_rename/6.png",
  "7" : "data/graphics/level/need_to_rename/7.png",
  "17" : "data/graphics/level/need_to_rename/17.png",
  "18" : "data/graphics/level/need_to_rename/18.png",
  "19" : "data/graphics/level/need_to_rename/19.png",
  "27" : "data/graphics/level/need_to_rename/27.png",
  "30" : "data/graphics/level/need_to_rename/30.png",
  "34" : "data/graphics/level/need_to_rename/34.png",
  "35" : "data/graphics/level/need_to_rename/35.png",
  "36" : "data/graphics/level/need_to_rename/36.png",
  "57" : "data/graphics/level/need_to_rename/57.png",
  "60" : "data/graphics/level/need_to_rename/60.png",
  "61" : "data/graphics/level/need_to_rename/61.png",
  "64" : "data/graphics/level/need_to_rename/64.png",
  "67" : "data/graphics/level/need_to_rename/67.png"
}